{
    "train": {
        "accuracy": 4.475203270603251,
        "loss": -0.867132723004379
    },
    "val": {
        "accuracy": 4.691283052072591,
        "loss": -0.8637523908543808
    },
    "step": 4
}
