step	accuracy
0	0.11842369796172458
1	1.1247343807384753
2	2.6958009430792287
3	3.4021661966002488
4	4.475203270603251
