step	loss
0	-0.43958179883070214
1	-0.5333080658682299
2	-0.20885816608921137
3	-0.3575637060096918
4	-0.867132723004379
